"","Group","med_ian","p25","p75","min","max"
"1","Random cortisol",462.5,358.25,572.75,80,1371
"2","Basal cortisol",419,308,561.5,100,1300
"3","Stimulated cortisol",696.5,546,826.25,0,1543
"4","ACTH",31.8999996185303,20.0500001907349,49.9499998092651,0.600000023841858,433
