"","Variable","Estimate","CI.lower","CI.upper"
"1","Addison's disease advanced HIV",1.10658286107224,0.401098138127782,3.0529327165032
"2","Lymphocyte count",0.840967773447949,0.744747027191133,0.94962016652199
"3","BP diastolic",1.01155955159175,0.989078447807635,1.03455163610592
