Variable,Adj.HR,95%CI,P value
Addison's disease,0.538,"(0.2074, 1.39435)",0.201913797
Log10 Viral load,1.77,"(1.41269, 2.21887)",7.07E-07
Neutrophils,0.972,"(0.95286, 0.9915)",0.005090123
Lymphocyte count,0.92,"(0.86704, 0.97707)",0.006506951
Potassium,0.889,"(0.69685, 1.13391)",0.343071529
gender,0.657,"(0.37635, 1.14566)",0.1385705
