"","Variable","Adj.HR","95%CI","P value"
"1","Addison's disease",0.565,"(0.21813, 1.46569)",0.240693728889307
"2","Log10 Viral load",1.774,"(1.41225, 2.22899)",8.44084274060862e-07
"3","Neutrophils",0.974,"(0.95467, 0.99279)",0.00726338409705932
"4","Lymphocyte count",0.924,"(0.87072, 0.98059)",0.00914500486255866
"5","Potassium",0.862,"(0.65495, 1.13395)",0.288136069443571
